{
    "x_mean": [
        32.38853306059032,
        9.938730187140402,
        1.1869574112874697,
        32.455682626011594,
        33.82809422650893,
        9.570215344213917,
        33.34288438941354
    ],
    "x_std": [
        8.35684522731586,
        4.450713549185911,
        0.6736846983755852,
        8.443652516394469,
        9.315968512414955,
        4.28367231146504,
        9.323193998307886
    ],
    "t_mean": 2420.482061950056,
    "t_std": 1387.169194774072,
    "L": 0.004566991663791697,
    "T": 0.00045669916637916975
}