{"x_mean": [32.38494951626999, 10.054240353171082, 1.18189854379791, 32.412843756288, 33.26782095258106, 9.66379891463564, 33.217495760272314], "x_std": [8.613693620215534, 4.4164428340183095, 0.6730834007354279, 8.393475575872234, 9.470819625438017, 4.213422823184241, 9.31049012212706], "t_mean": 2363.197579563045, "t_std": 1389.2076036944316, "L": 0.004566991663791697, "T": 0.00045669916637916975}