{"x_mean": [32.79128490769788, 10.001629970156834, 1.1797389650451031, 32.68435908764065, 33.0570301733814, 9.657430531379225, 33.16306718413009], "x_std": [8.581675839111869, 4.476442832862999, 0.6599999659635785, 8.46375053451244, 9.465078284481258, 4.195253418658837, 9.226638642741953], "t_mean": 2395.9683308716612, "t_std": 1356.5441159100994, "L": 0.004566991663791697, "T": 0.00045669916637916975}